"","Dim.1","Dim.2","Dim.3","Dim.4","Dim.5","Dim.6","Dim.7","Dim.8","Dim.9","Dim.10","Dim.11","Dim.12","Dim.13","Dim.14","Dim.15","Dim.16","Dim.17","Dim.18","Dim.19","Dim.20","Dim.21","Dim.22","Dim.23","Dim.24","Dim.25","Dim.26","Dim.27","Dim.28","Dim.29","Dim.30","Dim.31","Dim.32","Dim.33","Dim.34","Dim.35","Dim.36","Dim.37","Dim.38","Dim.39","Dim.40","Dim.41","Dim.42","Dim.43","Dim.44","Dim.45","Dim.46","Dim.47","Dim.48","Dim.49","Dim.50","Dim.51","Dim.52","Dim.53","Dim.54","Dim.55","Dim.56","Dim.57","Dim.58","Dim.59","Dim.60","Dim.61"
"V1",-20.0373705978854,1.1525490100485,-2.72706701187286,17.7393332365497,12.629800707415,-4.62393692781799,5.06054764575389,9.18212547673524,2.99130493939069,-4.05547297019993,-3.8643765965361,-5.801040477355,6.68210124169057,10.7401515099528,-4.12679277919981,-0.647058162201153,5.51596838729346,0.410279918450806,5.01209151590025,-2.87424917541956,-5.02613504915931,-1.09854748446848,5.17070689672113,-1.23778705054509,-5.8103101619592,-5.1693708653452,-2.48173487928124,1.18314999801502,0.497275886086107,1.09193971174924,-3.44497708898369,-3.24337737843219,-0.848476527317659,-0.134257636347439,-5.45884660257726,1.22644917897111,4.5750132342508,0.186394605207088,5.67786968097118,1.33457246308858,-2.19035834954976,-1.49964434128115,-2.49414344350247,1.50365445559794,-2.01216378740238,-4.21228614736086,-0.855695198800054,-4.06589970705603,0.766257316827333,1.45241540862603,-2.35873807414797,-3.76776558520229,1.09206944768348,-0.40332638228669,2.28978734110628,0.391515336323731,1.52414531983664,4.48742519605665,-5.16362028342053,1.63692868935619,1.44055635822799
"V2",-37.7029201997587,-5.56513846159785,21.1531095047763,16.7564599346831,7.07398131691715,27.6267509286749,12.0552303150011,-5.50190846408321,-10.6197197385682,6.58977992667706,3.85562490313183,5.51402031202321,-5.68707257207876,1.31582120343421,-11.4582802996692,5.88997956555924,-4.71206115744887,3.17093898561334,3.19568013017719,3.35310701541409,2.73811530938149,-7.03270497533685,8.37090496906263,1.64164466799106,2.16571233032513,6.39958370431562,-0.960715325013606,5.74156711366495,-2.49653991915875,-1.05133547462104,-2.79879494628963,-1.87574857770004,-1.85033812099159,0.866888919164722,-2.31893644320363,4.74798464024021,0.129958064920074,-1.48583371292684,-1.08142745440441,-1.95397024059481,3.69194596512424,-1.49836574698008,3.67198306068079,1.35235045141136,0.771581884978794,1.89163585242219,1.49908824299398,-0.634826125540134,0.419937548634993,0.644316837756783,0.0671316132896472,0.191919857581134,0.456931191857525,2.23511011051335,-0.4551773465026,0.204940038004185,-0.0979967011400813,-0.0908126640444655,-0.0759767361734345,-0.434647439874607,-0.163598743088881
"V3",12.530205772669,-9.98292458266893,10.1498950772577,5.30346323222086,-17.7758405392427,6.84122093175613,1.07041905374862,0.39216488993691,7.78067027580655,-5.40582345875891,-0.997291588086899,-6.66274115592365,-2.62239115587409,-1.75013791263184,-8.82250448348489,-1.98447443297242,0.202886122774201,10.4372794350689,-2.42357958311925,-5.44554594099263,2.23580080536119,3.49825903858238,-5.85974659304729,-2.38975549824987,-3.27724487424123,-2.16576139036925,0.00915837590691086,0.946126634083154,4.34166380622456,2.12756050995878,-7.16330321200706,-1.06492462668853,-2.2941502727102,0.55866146673956,0.108686377500251,-6.377252835574,2.02116769786424,-6.43726157990945,-3.29365415792784,-6.71885384846096,-1.12551780392091,1.82801660976315,3.29969854121106,5.34364483826575,1.52757704701389,-0.98837755098251,0.119738351710051,3.62016843763946,-2.59077087247671,3.79115696034692,-1.36630793321417,0.0509121360373591,0.412746039255402,0.539974930825342,2.91029945109786,-1.984865924399,1.64375218337222,-1.85933982541977,-0.317682633076569,-0.641977146078477,-0.282141812764272
"V4",-10.4695781207214,7.80446908029852,-1.27030761711234,25.0364510156341,4.62069670056634,4.99504424670847,1.53624509621654,7.35492137965662,-6.30439429968933,0.277618346000069,5.20654461609903,-2.07997718667369,-3.0228947910515,-16.7258004707247,5.17152883837556,0.427529449399415,1.59126787792733,-0.521485829389097,-2.5412551503264,-3.06678257094357,-0.386417394046988,0.52744610456136,-5.50629267072529,-4.15061328781862,-2.56705627816969,-5.39153431607842,2.24695793296538,1.90246509607747,-0.280951376387638,-5.15074675601507,0.28608597949619,5.61696446082238,-0.859354943281283,9.97212413767339,-0.732093381263136,5.26523399932977,2.32237424733494,-3.23455237676764,4.76744976122647,-1.73735545842535,0.49228620975835,-1.13485870477766,0.421260653813049,-3.98802389208877,-5.93042419679351,1.27408609579095,0.0963015210120797,1.49532246494331,-4.60796008644167,-3.36216101776184,-2.29877309946521,0.956542871934538,-0.264917438420363,0.527787383160748,0.58746937205286,0.571426718113124,1.38686223283333,-0.292700867903374,0.224636875998271,-0.420417007310176,0.611131374392812
"V5",-4.07532208694083,-21.8436348053027,-20.4314724692011,25.4558493788355,8.93405917336795,10.3299927895071,-26.946790438082,4.54419659154879,5.16832268508685,5.78138860189561,-9.42282310171113,-7.34357774804135,12.0408419699808,5.84488281037412,6.64765171197091,3.16798452984743,-8.60861728764686,1.56902684658306,-4.88892669770426,3.12847015441932,1.66549564754851,-5.68720449185032,1.392704473205,2.57176576097935,4.26943170476334,1.01103917078106,-1.02058763885152,1.94818822426123,-1.81460241475599,-5.82104121118928,4.75984322234488,1.65319908062104,-0.0797838673965268,-1.92385023510128,-0.186334720165012,-4.41094539208521,-0.64364188405701,-1.6047090336113,5.11059592884765,-6.04040412363229,-0.0360328869805788,1.86209098474309,1.40602246184014,1.10793470998706,0.55004711765548,-0.531011503732311,0.598865531518374,0.614726113541482,-0.0889933413364876,0.443073858214884,-0.80305633956165,1.36538426769308,0.429053886469784,-0.844356926966535,-0.222588031431772,0.512211083363502,-0.441027975244908,0.420779737609163,0.636377036876109,-0.482924025765155,-0.433451509062551
"V6",33.6897901816512,33.6163012038097,9.79500820223462,16.5495721881868,0.209361396732634,13.2010916692596,5.83530705684903,6.17192458684176,9.24698737815214,5.5741490398799,-5.41105987310587,-9.12157484938426,-3.84708493856835,0.109615065112114,-6.23366848475143,-4.57606050247687,1.51119099323214,-1.76191098804023,2.70184978805997,4.65623246205763,3.73409626895382,3.31568278845913,2.60752459217569,2.65186549084625,3.37871047837744,0.176912559349922,-1.36233603102243,0.264494854464808,-3.27955688108889,-4.09801729697685,-2.36125444124026,6.97589844089811,-1.15086524063353,-3.14311546899163,4.35082000923234,0.506306103193635,-0.687398360943848,4.04474090630853,-1.29944702446444,0.320445564320052,-1.38591546092176,-4.60898483768271,-4.68332088788862,1.58303079252019,0.320199914359999,-7.37846455869327,-2.43863191592345,3.0549552004017,0.340314595502292,-4.1236459480479,-0.284668090024525,0.859749726196435,0.889583690840375,2.5575496990191,0.148076850775679,1.80181194553094,0.0830025829111324,-1.22959645754933,0.416487790107762,0.659968134363902,-1.4775761721367
"V7",3.50993931921793,-5.90562347460333,4.9948193607211,7.67841158194316,-4.70224921160608,-6.59848779193436,12.6841403780046,-0.475736028535766,-1.72819411933525,-10.7497343573536,-1.31845368179598,1.58906396572055,-13.5378333598168,7.38961568412216,4.28425274637985,-3.48577803816891,-12.1211118632905,6.75645505521757,-6.2550059748463,-6.98439835502603,-5.37777878860227,-0.973018438954219,-3.64958293227452,1.09212917355315,3.58571086241594,-2.52991809999091,-0.0283427911153132,0.825014744268957,-3.63680971054524,-5.75626710233724,3.03894638034487,2.48777585214048,0.868506854039327,0.0911735651004879,2.69855864151078,1.90067086909902,3.20907181187888,1.0531459154209,-1.40270336764783,-1.65632097641963,0.128706340609491,1.77462434341343,-3.2759520641277,4.9142506260389,-0.349654423703712,2.1753732957035,-1.24245190475315,-1.23729782764897,4.91233728191579,-1.97277089097983,1.17038008669275,-4.85243738400454,-2.79387975106394,1.66518041102454,-2.12358245206963,0.0464585875148372,-1.41982612257023,2.35176926325383,0.478395632287343,-0.32436392289159,1.79097769284433
"V8",-1.153904166267,-22.1128746672899,4.87631428717521,4.42485402805396,-5.70999841839942,-0.818866724081698,9.49612435855619,3.01938381535793,-12.5139772019881,-1.97168317598866,1.1875642605735,-6.66061217315408,1.12034017502166,-0.316674776717198,-3.36357379658028,-4.38793496817696,-4.46157439841523,-0.00311689800492462,-0.163021826181807,2.45151117847925,2.28849435559989,4.52386136426265,-5.91791985272434,0.0562252693846094,-8.67554344844575,1.22174864179573,-9.01599665638686,-6.63937728090603,-3.75428355072817,-2.57734194883277,4.66079113464844,-0.0536786992814559,0.628850059794075,-0.190089899385105,-3.79275349826384,-4.10655837038703,-5.47038509870133,-3.96980576353497,3.00779778692501,3.73583896656745,0.709969721354068,-5.78087879029207,3.01004106413695,-2.11748689700493,5.79124564065497,-1.11031389029858,0.987538391405996,-1.50671343879765,1.18068655919344,-3.88314772541554,-0.757683625477035,-1.19322345639428,1.30295557115352,0.127479856421684,-1.88618285456249,-2.87062974746578,-1.57848958983613,-0.888343568823953,-0.262488133317788,0.176391710845537,-0.787897726111301
"V9",13.1440770750207,-5.93002260456899,-5.0110876380553,19.7737989575436,21.5483070304959,0.676857284295924,8.55587050741886,-17.6127187048172,9.88367627868915,1.74144623451093,-0.368302506280491,8.22291237071358,1.71536707299306,8.68095620956199,-0.183242830912024,3.82320477727511,-1.99696957311629,1.40737675851136,2.11362127376987,-2.21574121873448,-3.53713457902373,7.56656195294657,-3.28077923594409,0.456941668710644,-6.1036305620825,1.48893888216557,4.93378729337295,1.10154069338472,1.54303763843671,1.38633134896112,-0.279692174431828,6.79957820220848,6.15157106873399,1.93125585260774,-5.31666127894388,-3.84021544477432,-5.72187442871841,3.4640108512843,-0.412869732508886,-1.35775832567797,0.664380465616959,0.22137516118628,0.739970618522686,-0.753776155218766,-3.24602962202361,-1.5964758074302,3.21905171055179,-3.35121447011207,-3.45861472408791,1.15334105951098,3.20103338287902,-0.0943964968228605,-0.247983069856922,3.19682892580606,-1.17074860081972,2.13220602647477,-0.452665699587719,-1.41893311818024,0.761565047857434,-0.0823783178582432,-0.538991109414657
"V10",5.85443434026791,-21.2707061176221,-12.2460141667588,19.5720317569982,9.53279782659311,3.11613471730058,-9.38671006202739,6.91909440254167,5.93009616971558,-5.03410174830489,-1.50688616650431,-0.778593502481467,-0.060334203576754,1.27813447077088,-3.06519600399355,3.63611656257909,-0.119911303393301,6.01143019677541,-7.93678762033606,-0.525187637406381,2.63737965097943,2.54526149539215,-2.86552824579222,2.4428375629985,-4.73663920201694,-1.68454412146528,-3.62902361809315,3.91699569015499,1.15044981955909,6.75771706095412,1.01619757993901,2.56591687665745,-4.36920929871832,-0.891618324813113,2.96578904101317,7.46157565130779,2.51175057733118,-1.43681844730725,-6.47460052485526,9.15071759623221,1.54842199349745,0.338448074435087,-1.39043955089552,-0.316970511920153,1.20316417652583,0.305933819744781,0.765179324272704,-4.26235197337656,1.00349778170398,1.06133812327164,-0.647409860049956,4.4139512059238,0.862395450680628,-2.14516348771985,-1.87903841962509,3.0811497206535,0.858166890552612,-0.141039167122595,1.79371924962561,-0.626775951013119,-1.35782648995942
"V11",-16.2671599948298,11.1227448007309,-7.18202644231188,15.5028805633507,-0.475614154961963,-11.6988066106558,5.59135082692712,8.94729848455627,-3.17383837371766,1.05634272758139,8.28823147118186,-6.67820536656286,10.3262106578422,8.44289605468784,-2.86884740518321,-6.13907078149178,-0.830678949358186,-4.96206973811785,1.00923578411272,-2.03131317154116,7.72091730154367,-4.89883332942019,-2.09033451501592,-4.67669015554721,-2.86531837823536,0.934108909013365,0.316935371197694,-0.90187663388626,-0.821478479120727,3.04124037475576,2.77257495085747,3.44561960305521,5.32774614211554,5.09288911946505,2.63276646356856,4.1337194748839,-3.23355991081874,5.41046918660312,-5.01114860361283,-3.15362685319757,1.05403191414002,2.9864188895475,-2.73554721349518,0.711163113742801,3.43845117742611,3.97090890616849,0.41685946065288,2.98588848043601,0.826716824173994,4.28935647947399,-1.80229596297726,1.99945496385493,-1.51235055077567,1.78948694998921,1.76802867435962,-2.19386684756215,-2.41796844172037,-0.739139039726935,-2.17866888447782,1.00259451278053,-0.29196863021734
"V12",27.3532805308308,-19.9007543060762,2.09437777728582,3.86355807522312,-13.6603923258921,1.35056057311115,9.81503656190609,-13.383858846421,11.597131570149,9.77148848997549,10.8681580934946,-4.48732407339519,8.54442762762166,3.64280050767165,1.66546289026006,3.70076679165733,8.23155868143845,2.63533348760824,0.119777741442423,0.638281101832504,-1.7144560922884,2.19543400534937,-0.013234323738111,4.41240717534777,5.61627038717069,-0.151482799900076,3.20859325142514,-8.30641775647942,-6.04487976652333,-6.89185389544673,-1.35037760000194,-0.185071413269963,1.38474814829666,1.30413995430598,-4.767370359286,4.81682091649423,4.92459202012481,-1.96402700561243,-0.942802855989047,2.63965816011147,2.79396691892466,3.15901737773978,-0.547310219623413,0.0946665964482544,3.04547896750614,3.30427870696566,-1.82828866282772,0.981174513859772,-0.600172838486415,-0.240207322368536,-2.066769603593,-0.31585547577288,1.75541871387619,-2.69659076951606,0.199418372874454,-0.125412393583195,-0.0752996745520437,0.268985973885456,-0.950764911874971,-0.740848033654411,-0.668595768804198
"V13",5.44872278140467,-13.2764538390065,-8.50561709979044,4.73803205343553,-8.68946961757205,-4.94376663119903,-1.38033931060767,4.04267443695223,-3.0577144855209,-1.26454722097073,1.25755749531946,5.58298982577693,-5.18535935839413,3.33722505339551,-0.861246885186394,5.01052723781472,4.50190415285552,-10.4312240685904,5.84503179965949,-4.69701336406095,5.80586256740368,4.07658084692965,-2.78058916283051,3.38083382042833,0.967240189722439,6.65051784529141,1.03054339731796,0.234622969760311,1.68346231461202,0.911879904174028,3.98861816692146,-0.193567744412099,-9.58638085841438,3.48339498633167,0.471236184885237,0.0143399639128763,-3.86472790405343,-3.44961176865372,2.69743875698924,-0.526811043280589,3.89471894957101,6.90048612155828,-3.00048709181339,4.74084599711091,-2.51727536189607,-3.16391905840566,-2.11675563014732,-0.053733389716408,1.21227413103313,-2.21909498461447,3.07243901095684,-0.270896157696222,4.83877281628326,0.756258890729389,2.25948755755273,-0.896970597728966,-1.83169502499835,0.99464655188066,0.112993310139187,1.12118018184577,0.79416518957726
"V14",-12.7225874152324,19.3248267484405,-15.6595188572731,5.38283657728507,-13.1082336391236,0.744584498388075,1.13352296833864,-3.35498305792312,3.84797609386005,-3.15778145000319,3.90873031557068,-0.849624662359789,-3.03454797398347,-0.719334254230645,1.2989366293174,-2.42041780549883,0.715980119980986,0.122553030754481,-3.67388268073177,-0.345677393783194,-2.87241378808421,0.158543485053322,0.583330655767615,12.8171574268169,-0.469217503449553,-0.475604495931885,-1.59808355336937,2.50879404283629,-2.43276855023866,0.811138876465727,2.76421059964988,-4.72708109415253,-0.327540797590512,1.3301674385407,2.0674977341053,-3.69420805716765,-4.00615340241615,2.71217372724499,-1.89745914573262,2.37367743237347,-2.55799141023732,3.53492143885385,5.37464015826314,-4.03894646993777,1.85106112843268,1.3967316693335,-0.829278708610526,1.80827296693193,-1.51442156709339,-0.502287158748167,-4.8017446254558,0.141121909134368,3.24274066628661,5.58793931854999,0.97343523981009,4.17731835322598,3.09586552193289,1.07781299565894,-1.10248904895355,1.3641343196202,4.96266489002239
"V15",-11.7191120003231,19.0062715459909,-8.10077746979119,1.78860957097431,-14.6991427469924,-7.89403490954498,1.01778908033334,-6.61557907619935,0.565055674518432,-3.23173450186527,-0.847937579035717,1.70347890093323,1.67074369580747,-6.47930207918546,0.16748431774124,0.42766466143318,-2.09976520035139,-0.138661212505769,1.41390982986172,-4.00273855861621,-6.25060149757228,-2.19369760474806,0.474569741479579,3.46147583264211,-2.1653213550624,0.736811639051368,2.47335916442715,2.62162691691391,-0.0597283935956731,-0.220535868894488,3.16718318815793,-0.563265675430322,-2.68470157525785,-0.993926516880566,-1.15177457419825,-1.22851237381779,0.112962203877999,-0.901761464657494,-1.50135682216067,-0.165126775155826,0.292280352462725,-0.303548172275531,1.63656391089869,-2.16296537288853,-0.0311073798124685,-1.10754266427478,-0.0342143540574278,1.48091361225884,2.06187751821613,0.451814742067208,-1.75472787986363,0.105828182880187,-0.847423901797158,0.833717861088325,2.22837517108286,1.3824810676681,-2.96785653400568,3.96852666316361,-0.970564462351529,-0.0666000689408509,-11.8365196607288
"V16",-12.1319989365965,-0.491210719161018,-19.069952424877,5.64536886192594,-14.4610357447029,-5.16132080774554,0.144515984428971,0.700589230949,4.30430700475416,-5.19597700554112,-1.97771801470872,1.82681773597351,-3.22869906613808,1.44074606300542,-3.39855775409984,4.19649693191618,3.75585154770092,-0.891803344653507,-0.00820947053642141,-0.911386895783655,5.12959467292454,2.4751748047777,6.9215855585433,-0.498990719958554,3.41747421168473,-8.22813292350349,0.287277279742494,-3.89196618916273,0.0708985323228876,2.10781530239025,-3.01729271206481,6.16528685584947,-2.61812589613734,-0.582287342496356,-4.51329045636114,-2.44651999304438,-0.274652796268286,1.71518981091449,3.35559079129588,1.75037921034129,-0.466212632293267,-3.25150019920534,5.320011849117,0.207644802110068,0.0291261959703039,4.8599475980793,2.21635951426077,4.50127719240876,5.04974195995282,-1.80841852312195,5.20998667296472,5.07492130543835,-4.30637813296297,0.404427765981356,1.0868983056824,-0.224181418650921,-0.929678879468515,3.16190722914441,1.14825251030102,0.720325411324784,1.84619851575691
"V17",-23.7407701782959,26.0312723197827,-4.17298587098369,10.8873701453184,-18.6351902631684,-0.226782801050282,-0.188507075564287,-2.3298230885341,0.507903128727184,-0.75795917961004,-5.1807903008023,4.35588448976565,1.14621022298991,5.44590720590558,8.45796129017961,3.55593064398175,3.23271146823275,5.29759706976875,-1.14147348974683,2.31390313227298,-1.32309600589005,1.0611038533243,0.920370584939267,2.08391077332879,-1.70320775142939,-0.192114561908707,-2.97719974677733,1.66187265428083,-0.504025173384289,1.67676609847919,-1.0668287324246,1.4278993606695,1.33566392736096,-1.57250206809666,0.187372315151733,3.65380214229446,-1.52411643182124,2.4266024073259,0.0625166885316436,0.0172639036118374,-1.95815514930743,-0.64003899241373,-0.247773111075723,1.28484359228146,-2.71334837259145,1.78734481119362,2.15383778481462,1.61405747849329,0.0874535519965955,-0.502381644740595,0.252650488741413,-2.94614363099918,5.92655411432946,-3.00243236823186,-1.43273124664787,-9.37649954728104,3.8611162783192,-2.32805120281511,4.01540444168767,2.97695424709328,-1.69233623671992
"V18",-4.70732166366842,21.1588767032724,-8.96322647616583,12.958354118571,-8.91501886062067,-1.42650966126072,1.01851868365427,-6.45408332961635,-2.88142116615867,0.478249704314639,0.922949159061455,-2.06288504178986,4.94280190280218,-3.86602837338165,4.97050295623464,8.56522193693507,0.49488290307221,-4.86991995596694,-3.355458900021,-5.07451088270537,-6.46610976673191,-6.54325898446233,-2.79807208152268,-1.81170423369419,-0.967747200614608,0.198439395139518,7.93875308324,0.219771073633207,1.03821279779637,2.44819614607167,0.366954548493062,-2.94531780783287,1.08080634793421,-1.71494590050503,-0.206040199349759,2.56292277977229,-1.57620982788995,-3.66760585836992,-2.32448767138881,-0.831786222610364,-0.185573954622874,-3.51106586331982,0.935296329717353,3.14994919189133,5.96899953006688,-6.7028582483153,-1.54618417641974,-1.10439460052844,2.7126729188188,-3.22437393843934,3.73473949257356,3.64500174086767,-1.88418743032441,-0.124180898198307,-2.68417073582616,-1.49320022253764,2.5223872697272,-2.84251724198121,-3.80140381693725,-1.25074266673071,2.62772100010015
"V19",-16.306877041239,-2.62163544777583,-1.21099577120515,-0.693682383979304,-7.91761490688433,8.77631814692419,3.20710106093626,-17.9335185587036,-9.33318611264108,-11.1210587972718,-2.38141624740035,1.38520500184548,8.19718185761053,3.94509622876373,4.26410124339804,1.91252976400534,2.26457882308172,1.23931972375255,0.644462215099495,7.54739867534231,5.69825492116898,1.91481552193698,-2.25796982885164,-5.93999000219844,-5.99580475657633,1.64318787104032,7.12541045486281,-1.82247081758702,1.55907973517983,-3.47150132458058,2.65234582548067,-0.958481634474123,-1.34021733743559,-1.82945442210801,9.84183510972318,-1.17301237862031,3.26474927804998,1.19317705213571,2.28991687676681,2.87760497818973,1.33997229687906,-4.80747106353945,-0.544708595928691,2.98166612948812,0.362285528538959,0.692189536144098,-2.23699067390515,1.2099885094148,-2.04946774641539,1.77887054693961,-0.30430093793408,-1.12152803760812,-0.476908122017952,0.230228158577786,3.58184553914456,3.33234670694281,1.09027972898011,2.51887438463953,2.03301803444641,0.716661888231474,1.04615950049803
"V20",32.262643168902,25.673347736566,2.36159035067052,3.98328358156964,1.86151689976615,8.03391957606888,-1.7931077575043,-11.450930017201,-6.19493393040755,-5.08695213120746,-10.4822925390812,7.19766024887481,0.750198535399891,-1.57913707652175,1.43739668731141,-6.22190310265727,-3.58295028770697,-0.0736695719832157,-0.803286259768633,0.8839323531424,0.6753917962779,6.53048846222986,2.28146541140562,-1.11374282105034,-3.17831815300305,5.66472002365193,-5.32798206641466,5.42200849491248,-2.89568177325221,-2.73159424372085,-1.28619120163379,-3.10869926097505,1.95326823361822,0.431905965196401,-2.62878668771305,1.2388522003823,-1.15962977351475,-3.01056481087041,1.91579375433095,2.61694709989683,-0.57520909798724,5.26642872045424,-2.65819450254326,-0.314599927986722,-0.784233088056587,1.65631737877856,0.106185868813375,4.03039909186698,0.298531068287094,1.35783996696476,-0.300256232069318,4.79773044986309,-4.44024135458788,-5.53207073597865,0.00131293400643194,-0.856593041954713,-0.159056200475265,0.562276837062251,-4.73744581164741,1.48785209774799,1.45096525202727
"V21",27.1231492499155,14.6243762271361,-5.82930726306706,8.39465949342757,-4.95305092051214,-0.69749293959368,0.438058936912744,2.73621137711292,-5.78407760070607,-2.27468454876305,-4.65467738885109,3.76249102308306,-4.27667922445165,-7.98997349190071,1.03308659952089,1.98782099429787,-0.794202124941473,-4.59313637958279,10.9650086105873,0.352101137589405,4.41420434845238,-1.22120983846961,0.526260868695288,2.32595574083286,1.17832103715938,1.14886456114455,0.123628423022019,-4.90212865821374,3.23576387086402,0.320681932311066,3.10938944511942,2.77342015377226,4.10247830696269,-1.68463663827356,-2.95568797294835,1.45449496854148,3.98260927506031,-2.49610393789506,3.6268947417264,0.4578668336685,-3.9142643049434,2.94008950136145,-0.1514280015809,2.59507341353721,3.74546328433041,0.382032686046221,3.31712460884705,-4.88545719879674,3.27153939068997,5.9362761347567,-4.84533338575508,-0.570393590002019,-2.1646230444386,2.94006063826266,-0.347007207016969,0.889469363815686,4.31472802736392,-1.2942986409203,4.01919314365605,-1.71852883130139,-0.257528495148097
"V22",-0.437983056269441,-3.28242576014861,-10.4936442052458,-0.537291397348622,-10.8515622845239,4.70733584539828,-1.77236115222943,-1.37823205871467,1.36207731110966,-12.8113445373194,3.90754692062997,5.12599134646867,-4.77083508365893,2.13725095790451,-2.22140242105415,2.62829764157344,-5.14382822171124,-1.07279550192912,2.21688737130973,-2.02750269082393,6.60012774662942,2.07194248266299,6.95848765586545,-9.96705090914245,4.21931368683269,-8.00311864340292,3.2209666289593,1.20988538518714,2.37290349116397,-1.30296276314617,0.947260841790105,-0.791208313289035,-1.36495275377116,-3.85147662020047,-2.97510564714584,-1.28996371740564,-4.90009085343791,4.12808019151898,-0.727590067981186,-0.992787979853544,2.83016995767683,2.30861659146765,-1.2303009564135,-4.09451075469881,2.12635866971938,-1.03003381539937,-4.2832660126799,-1.8163141581302,-3.0896097376712,-2.17823944375919,-5.88570319738793,-1.46663559331984,1.76908003981043,-3.52726011349668,-3.33884042259348,0.0217234259864384,1.1243786399036,-1.8811642784355,-1.63952934607498,-2.60557961882022,-0.902509818216358
"V23",-6.52049065073425,6.18009837320792,-18.2184582605261,6.29020272011939,4.63321291875565,-5.88449746156509,-2.33776041333945,-7.09820679386766,-7.6890647412687,-7.68841480552604,-1.32544055714753,0.197736903004527,5.52372375447194,0.467405408600466,1.3987397140261,-4.51444142340213,2.80764360039277,-0.991968780298464,-2.26068044612111,5.04989053924064,4.97725647852215,-2.50403206768577,3.41293059333522,5.40672360392772,0.262333286677923,-1.4058147894604,-3.47772983771102,-2.58803287144671,1.59314984226667,2.81296725248363,-2.87702542061279,-0.14693261019668,-2.44677961423568,-4.40865875440404,-2.50346982152401,1.70742307259735,4.72322255003481,-4.36023460157007,-3.9443484856707,-2.20985545947921,-1.1928328118661,3.78953631741377,-2.97395690637606,-3.05922854271539,0.203301774505974,0.465417239010729,1.17173228654832,-1.09883683283278,-5.91407927565625,-5.88257071116022,4.0449065626856,-5.27028185219387,-4.47681792173287,3.84938760576881,1.59657171923564,-0.342976146708275,-2.40451236236561,-3.37836801529498,-0.0289367388917233,-1.08464246622567,-0.262013227209419
"V24",28.5314396098759,-6.33657703812995,-21.2598607230597,-2.99150050135101,-9.96170843748998,1.46073143521802,-3.9292065181799,-6.01096570169416,-5.16827432173934,-4.331866088379,2.26430009968629,1.17427112159589,2.37548912645441,-5.14161008158372,-4.36028128293415,-2.36631586538234,-5.13049414463667,-0.28049324774693,1.68273384890723,-2.28362750251889,-3.39281479250799,-6.4873792204828,3.30322466295847,-3.70131220621331,4.06690858324213,0.346529140758711,-2.19305604197583,-2.1220074592732,0.44507033628402,1.9059285223404,-3.71230696455833,-0.115199589621226,6.26814714036276,2.70636576519147,0.190555336252903,-1.39972986432676,2.26677523755162,-2.41643905022352,-3.79281664232449,-1.00672464881932,2.83925140228051,-1.70006313733143,-1.35173644800298,-2.72823691643084,-1.00127675005149,-4.32623405721114,-0.190345499297046,-2.78402733944245,-1.26238006334549,-0.321989637704948,-0.353955309725954,2.17911154219985,3.46848488169166,-0.466331572960221,0.249882839465624,-0.508125429972141,-3.05995455426954,3.69060913263484,4.46257965775319,7.4750158312075,2.17873948522658
"V25",-21.5491100221841,13.7110011371011,7.1858179338418,15.503424785393,-26.1660252818109,16.7318112624352,-10.7850608001834,14.9450027303053,6.24188002578142,4.63670079068232,-1.89376934872274,12.2889094289155,-4.19540480857056,6.5655067948926,8.51775695492258,2.8146860758916,3.52673954492993,-0.914674184624297,2.22952683804146,1.69520617529532,-4.76626132679365,1.46137268112039,-6.61807313509084,-5.60725748118398,2.63732314261941,4.12892327399872,-7.73921868045868,-7.30673449957078,3.01454703240834,0.0979780343423756,-2.90979154987729,-3.25206965638387,2.82006910821592,0.422475533381104,-0.597258483825139,-1.98401856553062,1.13348705780446,0.894559555744385,-3.02562560742233,1.22675410703555,3.91831203287317,-1.70047813572641,-0.387292667164376,-1.17644056369939,-1.14902387737529,-0.0847551138945059,-0.517908374251071,-0.644356644623156,-1.30090466185717,0.719684490756341,-0.317446823946622,-0.274133290245229,-2.92541095866999,1.60867082201361,0.123355457960709,2.69347658211947,-2.71214010475544,0.32504349658702,-1.15567899077817,-1.58391494189936,0.207790095603123
"V26",27.9101624931476,-7.75208277758772,-19.671616703548,0.333611872081724,-20.7224905246874,-6.55273501126494,-2.99059854380031,-3.02373305750929,-4.1383357767941,-0.605186961236492,-3.92466923234807,-1.21317908185399,0.163750357708528,-1.75578026453242,-3.84147538577749,-3.56966633363828,-0.362828605852032,-3.03890562862451,1.15683871494468,5.10321349662484,-2.32781544887581,-3.91668225467203,4.34434973826319,2.12830131913815,0.982812287199901,0.288302447233916,-2.21538832691293,1.59453688213807,-3.02098584513692,6.03082742752155,-2.63044805052113,1.42796297109671,2.22032301379102,9.32571163976803,5.50671759484101,-2.92411143362829,1.6849236472478,1.87747412804427,2.67029227495683,1.45169117851288,2.17307729645679,-2.6658966906361,1.26786075468442,3.02575561194846,-2.47082063019852,1.56225567252755,0.905864493263907,-0.151494787308228,-1.33838636435228,1.88701304060777,3.09254691604341,-3.7005205406198,2.54062163720032,-1.66922120891946,-4.76093086643351,1.20248669571701,0.694284341450808,-0.957133952703364,-3.66387644193976,-5.64577805712754,-1.06947097611256
"V27",-2.67070980741192,5.30583096290711,-21.030542396489,-6.59012240127219,10.7870177706833,-0.534393387291161,6.11992312987496,-1.07196999445864,5.12565470586058,1.63860305666391,-3.0726562789151,-6.47149971195106,-11.0306872423533,1.7304666112568,0.988049576603732,1.17775854104891,6.62911002255499,10.4771617027132,7.86032019273846,5.87900190802046,-8.54608585201792,-0.13481273849832,2.02850009975475,-3.13057690609258,3.98426580880807,0.495724807970983,-0.141479666114029,3.50216911491087,6.03343824877555,-0.293219221259308,7.10399029045485,-0.132097876639151,-3.76548187528264,4.43569478902982,1.6958885098293,-1.0966719950807,-1.71106996026016,-2.99435303797554,1.03792523402955,-1.2319116286838,-0.334607895342253,-1.88851208477406,-5.82092635997605,-3.85274186818347,7.46146483222077,2.69709541607819,2.31935598692755,0.614284951155712,-1.60793649342898,1.69756912944355,1.64115824383645,0.843902657980349,0.216986880066513,-0.828141183107995,0.905219586293347,-0.911764042495215,-2.2293877975823,-0.631520743102161,-0.086389954334511,-0.0540082305676927,1.14362595496692
"V28",-23.3532593036277,-14.9511989277262,-22.3287487051207,-14.0534017171218,0.358524238500918,0.232747738572942,-5.98153962185578,-1.33615667321516,5.26620698691944,-4.51364088074007,4.58666492315247,2.30888349723474,0.549102381734357,-6.83566998090309,-6.82600520894051,-3.64898172972987,-2.44483721542052,0.0697883266532787,-1.67977083492813,5.00714737226257,-1.01410206701175,4.90325059226635,-4.0421823155454,-2.54465822670958,2.93237661776637,2.72097160949904,1.08645711687554,-2.28056508235832,-2.70789859924156,-0.416304938344172,-0.152369585340118,-1.3100510340379,3.42113821777386,-6.75162416133884,-1.63203904693275,4.7616503851621,-2.19154515849675,-4.23385918032788,0.248576640755804,-2.28317738380492,-2.11696938891628,-2.72158049785645,-6.39354109373271,-2.69135516798131,-5.02511301727525,0.620601626737538,-0.378219439564941,2.82286912537079,3.3261531543394,3.83870020081158,1.96343313083097,1.30606173001928,4.09706394830263,5.29085795402204,-1.07990939578556,-1.09139743818353,2.31270160006861,1.86609305416513,-2.37455729752559,-2.83514181912966,0.518776615321797
"V29",30.3634609111656,19.6315536413607,-13.2212386602276,1.46474427329091,10.0150953786021,0.00473581634809805,-3.48971719286726,3.4130650018295,-10.7326651300929,10.4232001057207,1.74118895338943,4.97468965770731,-0.0725170417878773,2.18283691668548,-4.89201319179753,2.15315477996088,-4.75762129197434,2.0679301426388,-3.7917778955913,2.17281809235707,-4.70213577038401,-4.51399629366876,-4.21590734636368,-7.00520361572684,-4.10631498526226,-1.33729271854111,4.30988675639995,-6.98790536056904,-3.04041453309636,-3.1284533684947,-8.31230374570105,-2.43593388168995,-10.4643290546251,-1.41473158078148,1.76356921628956,-1.30856358809916,-1.71416638934769,4.30961037417895,1.05120867605488,1.34595125217814,-4.77413651587069,4.06366614045423,-0.392035561060918,-1.86326041398472,1.13394629167074,2.73211869261446,3.56754599889151,-1.30045849232029,0.742099295126832,0.546743150256386,0.683709591230417,0.00126024660029303,2.62803653446315,0.937168118883453,0.0645802527617048,-0.215046576891642,-0.798387246737245,0.477396666502306,0.260557042878851,-0.475678288689756,-0.138498682611972
"V30",-10.5159554054329,13.9331299187089,8.53337233029579,-16.2915802894597,-2.76321855106923,-11.0495994131128,-3.81336039466378,-5.48990598630331,-2.99528090415023,0.708226327633279,1.76730377151233,1.89994287914518,0.423862956737732,2.82373162110539,-2.32023280744171,7.85043563350038,4.14103216870395,-3.69661373909501,0.527458274019889,-2.36373304753539,2.4206515932044,0.945922725461798,-0.605178830214821,6.10717394720996,-4.49870302439524,-4.60962665380339,-3.46081320557122,2.10501325599863,2.54155525158376,-6.72837369923321,-0.408148322163066,0.950447396853376,-1.14841942864425,-1.95954663184427,1.5786979374067,1.06095521031457,2.71448607872995,-1.74408645566973,-0.720272497959937,-3.69843651087565,-4.45246437903876,-3.3642533405392,0.159539644013204,0.420826650966128,-2.24992774889777,-0.309621004082463,0.239572466788093,0.266116062013346,-0.16203920096176,4.42156481739705,-2.71795614259315,1.69932040261858,2.08779252956409,-1.41093640165257,-6.49460562944173,1.73249945397568,-8.58861331158149,-2.17892982418487,-0.0431703528779258,-0.326686437933061,2.12328000871389
"V31",29.441439541838,8.74254524821267,-13.6138272508554,-5.63671245704515,10.336533821282,4.12728712940863,-1.9027626305554,3.71416017808857,-8.91451538280524,2.07933888757488,7.52662437884503,0.316726252286957,-1.87853056297521,5.19493473019393,-3.11598418497043,-2.68377775047558,5.74680763134003,3.76461152896559,0.799102801758195,-0.267552885283653,-2.97976363040357,-3.27930538355932,-1.87654095873859,8.99626953442977,-5.15622035304698,-1.85785839886365,0.386073117636765,-2.62954812113986,1.56408580194171,1.16734451312265,1.41640589652933,-1.29408934465167,-1.55026397393703,-3.67437739621088,0.867129487042764,-1.03754891940451,-2.38338614687801,0.590224053098718,0.716969400640958,-5.90013622469934,9.37479783266557,-3.35828308335392,-0.464068942644971,-2.94586002598883,-5.40624201347207,1.71511119955485,-4.70753707257268,-0.420062351513842,3.99054242479494,1.49961700403428,-1.22181049139086,0.273606283314224,-4.49370179288645,-3.05422999751004,0.733258820431654,-0.478081958083354,3.20041300616829,-1.67370598540961,1.5565585022601,-0.135823481386212,0.286806906521397
"V32",22.5884001479112,-2.7918433347375,-9.24992483744789,-11.2627373890583,-15.6210667431249,1.22228099303973,-6.96910625259322,8.65519644935785,-7.37247109985642,11.6570309681588,13.0150711020827,-2.65029692032878,-2.17432697941446,11.4802727097341,-5.31036495008388,2.85988560974901,-2.06376267947648,-5.27170443099204,2.22835844992955,0.99917969784235,-0.415902856257736,2.38824656928458,-6.73040658741753,-1.46482421908297,2.16608934948205,0.0105650446514024,3.7043527995564,13.1544867568849,1.48858574674647,0.92170932146731,1.51800424308537,-0.802691067274781,3.85096067427537,-3.92381671974791,-2.27983600798225,-0.743814189622696,2.88445558346087,-1.98657145196379,1.55499340794439,4.0212621102341,-4.17548702376046,-1.74031939085477,0.592256569178144,0.284999572339498,-0.0287360456351639,2.84513719806547,-0.687046531521476,1.56196304555092,-3.89933759293459,-2.35493418334289,0.796422846333912,-1.87544906466475,-3.14906855682809,0.492613252495311,-0.746675860526081,-0.589758115203532,1.30876337599048,1.58352534773096,1.04299897465259,1.56045669897361,-0.765242938733816
"V33",-9.32443670534425,25.4023186078613,13.1496591065075,-17.9960258528718,10.6701849136504,-2.43725903786804,4.23860131065932,5.54526386449057,6.27378577209117,2.75390074137329,-3.18008191527626,-1.76862521463521,-1.22105669219586,-3.39947599275836,-3.17256531316168,7.2429809235441,-4.80785110849575,2.40276058671019,4.52666464814061,2.53595989078676,-1.18700907834611,-2.00727171635621,-2.7850936023628,-1.99791657217605,-3.142865590714,-5.06642767870598,0.835534366390762,-1.40155838532806,-4.42032428464571,5.67296153159653,3.15769899753174,3.83363482575381,6.29711787306125,-7.2882823706872,4.77203368631327,-1.61856621462865,3.88010109823314,-3.80347455655791,3.73509260721662,1.97600435540203,7.52493419389048,6.80840250888664,2.71381812277021,-0.314548901304782,-0.452092147155101,1.05687644155243,1.68108063088639,1.57194289175212,-0.682659711829949,-2.37668744781342,0.76651775366473,-0.234984640158753,3.30894884478374,-0.609072141337173,1.12258099411377,0.467501348060131,-2.11450139852349,-0.542418435137523,-2.05235662503491,0.195342240261436,0.989892834899736
"V34",17.8983599656139,-14.1064751154918,-17.0113119382447,-5.45801357582072,10.0003390181148,-2.10522201454775,8.56545627469138,9.63708421636126,0.96376089183417,-2.38225027357099,-5.58278335067931,1.29955730279739,5.97872612717055,-3.98482606240611,-2.71110927219035,2.94683532292061,-4.21172176339153,-1.97491598260466,4.58738737370016,1.0222426015743,-7.81916492201618,-0.134880583528474,4.14612177843722,-1.14040781656187,2.58430072409464,-0.205330241179787,-1.05763461924212,-2.10686266829532,4.37999577458513,-5.13112403501564,3.88565204392731,-1.11583305547891,0.719602387522552,-1.80347132087308,1.33469506515323,4.26985882936326,-4.89870826533397,-0.194168158006742,-6.27471229325644,4.10192612996512,-3.06429920440433,-1.71655753851487,6.69179612688941,4.9778485985157,-5.80109487526954,0.856882339208014,-0.592640730362351,1.94652919330362,-1.7450388432795,-0.368495231730529,-1.39796629684355,-1.59785160895803,-0.863383177470186,-1.39744819466115,5.54550404456907,-1.35530049273635,-1.86800916739775,-2.76944152408065,-0.359810913323756,-1.41629655887732,1.2458622467655
"V35",-6.62033016222551,-15.7414625358474,-13.9194259570763,-10.8376357748851,1.59114240421867,-1.47987343379458,7.32041165025702,5.54677882644006,1.32989632400259,-4.31546863515456,-2.20985483577954,3.76574876142499,3.37388387218398,-7.33336427379515,1.7866289323439,-9.16956212110598,0.709963689090353,-0.7423926984774,2.21741879202185,4.59448928831758,-3.78342451510206,1.53121832268747,-7.80200673712421,1.76238421619546,-0.897833612747472,4.23346502847611,-0.0236605946206846,4.84557706932657,4.22887165744171,0.694383575664959,-4.41552359986944,0.794900635501265,-0.981294578913398,-3.44856304302544,-4.40775109118652,6.18627690707508,3.39716918201409,9.30414361655893,3.63288768022153,-4.67877530709723,2.56130256095047,1.54188471245435,4.66120860850196,1.36369450815525,5.78029965705134,-2.46459147172013,0.15520078183966,2.70267610716028,0.101904653026157,-1.39813721402767,0.605586974685814,-0.252466760805302,1.59093499559829,-2.87699647105808,-1.19799620690977,2.36370612002986,-1.69097254393593,0.594459888713586,1.83133131029952,-0.399724844223896,1.05035090562271
"V36",13.2631370543806,-2.76027515688764,7.71064822115374,-25.909916098951,6.00678246283105,3.31982029218883,-8.86479534991708,2.45115469404219,0.192220181750798,-4.38348635831413,-1.50749542345587,-0.0279835679326017,-6.95775102352368,3.51697918850512,12.2841371887412,-2.69876243079468,0.72365390958794,2.1673264943297,2.07055066899985,0.560539098416182,5.54102559172081,-10.5439153395644,-0.12624312729627,-0.735834622144586,-5.52980077294596,1.64335293500056,5.1528435409879,3.536212080261,-4.94600353483349,0.191609695612161,-0.811346132395906,2.81803156699092,-0.442743324033429,2.09032890799817,-10.1799549508139,-2.6764558193633,1.25785433438762,-0.681506833873397,-5.03381470977041,4.02542361509701,0.211586391213301,-3.26670876433786,-1.27749748081149,-0.380437910214501,-1.00798973158219,-1.62843595664156,0.970945366947257,4.09727739111215,2.69985798996034,0.597693778084461,-1.0353304801352,-1.11707881680208,3.43828603855235,0.281961961032055,3.43316738250027,1.0326274282458,-1.1763966313613,-1.45481390166663,0.119335407201817,-2.16301968190955,1.3101384147371
"V37",-18.0116634685762,-21.8247730571576,5.96099640938026,-20.7566899538023,-2.41720890648002,32.925136348674,-1.24332089469846,-5.41786907816624,2.72389198574398,10.012626946278,-4.43032616041621,8.56977556638162,4.18300678052803,0.100899173934738,0.796787978668465,-14.8415670139901,2.72519394737799,-7.73141076727425,1.65027875811541,-9.9583296285033,-5.97640965873319,-3.17659888540647,2.11349531660294,1.19318692053126,-2.71004723666086,-7.06176865446609,0.799253796034159,-1.38032583743663,0.562898678863202,3.10302392106463,1.91329536009627,5.77813889130345,-2.36233712709691,-1.5977163948753,3.47220148910194,0.0336903354036176,-1.37048702337826,-2.17361351922442,0.846553689922881,1.48942149351175,-2.54581509669208,0.92311441256846,-2.32083842351845,1.07280825260477,1.9891313999828,1.93850418949182,-0.240291886779963,0.327917625186525,-0.748350639919535,-0.192000526776053,-0.614481860637294,-0.162826635370381,-0.313196057898559,0.140281161848442,-1.12700208590657,-1.02489627363851,0.00612514947423679,-0.453784092408933,0.287224471189893,0.350103409913466,0.089012005709538
"V38",-21.8939868591459,0.544476821486059,-21.2772036240216,-3.61045830941661,7.5728441248379,4.67303427073225,2.4775871612334,7.53814447240494,12.7482334431793,-2.3654135620104,-1.37191875812377,3.29354684229839,-10.3887057824469,-1.19064779641999,-2.79863121633028,-3.85420840775849,6.56465325955497,-5.02362372042887,-1.23631946168327,5.3194209299904,3.22436708759981,1.69486158666448,-1.01874558477065,-1.26220312050659,-2.17359941466642,0.846257591457007,5.94598352148783,-0.186934356988272,-13.7381287578372,-0.224587279788118,0.794937797955048,-5.12576131525459,2.53337968292273,2.32547277886128,2.16523956741338,-1.22038901590311,0.110575050406252,-1.9435255568015,-1.71118799773937,-3.729412362594,-4.56571936004125,0.422801208841307,3.37745806729184,1.01838955345242,-0.00691376101485185,-0.696430068011138,-0.907008033405621,-5.84912424903851,-0.225578824421185,0.0432324538928186,0.65902537389821,-0.224479307026648,-2.86361152741075,-4.67337513478826,0.433258289172102,-0.437422424988129,-1.47539330368558,-0.883232145135027,1.77866117848318,1.409764143718,-1.00548136914929
"V39",4.19804135799494,-9.27624867457202,-15.9431233648282,-10.2284225541059,0.274593927769045,-4.33072906896065,12.0976432802587,-0.501009896964763,1.71033929366362,5.14017081791621,-5.44707607203694,-2.81221340914285,-6.56474866401258,-1.4544055743417,-2.1813498485448,-0.899434369971845,13.8603587076489,1.48656135360538,-12.8222965732364,-7.34914986486331,4.40413393539834,-7.66127096896745,3.15153443584533,-6.71571023153939,-1.30520247528499,10.094023914888,-2.61010800887218,0.959183018902882,5.4352786503909,-5.16224446512654,1.74704463278343,1.48099331885185,4.05470252507259,-4.64972898538227,1.57440227317851,-2.90316474405578,1.66350957077882,2.19262734444872,2.38662332002956,2.04409495248151,0.300951589704326,2.17685167357455,1.75868897655699,-1.01896924318154,-2.56005217981416,0.0853971867273633,1.14084814596689,-1.58044897238385,-0.0605191353486211,-1.58280636089881,-0.949109272503719,0.852306647423463,0.234735121670147,1.7391685646163,-1.39495420269533,-0.800138317495616,0.764404034591888,-0.0176926492705069,-1.19682466537237,-0.372688770022507,-0.807109975611804
"V40",1.7715155435743,6.79008810235213,-15.903468601222,-10.7816214027567,9.04615612878486,10.3729107821099,6.48320605597388,-4.35757928706043,-0.0410675769022497,2.30801701476485,14.8081389070392,-7.5810677258727,3.92228505217032,-7.33658553324031,11.7762065671507,4.96814070048225,-0.839535575049551,6.78761612374119,3.11710873256053,-10.6451676198343,5.17193179753349,1.48421317545368,-0.0479617610476877,-1.89504853883681,4.73062163614049,1.87465030424948,-8.29420876058273,2.06083867399959,-5.4399131119307,5.72979042174086,-3.95358510443573,-1.15305973918259,-0.924770071245267,-2.83427897430941,2.65838194650943,0.596363907624467,-4.88993613687904,1.54085739177272,4.27968068170651,0.818861170749407,-2.7173576428842,-1.16954556078467,-0.152577721951773,1.27664333618928,-0.475797056062276,-1.39678888974457,-0.484432915881159,-1.07452979191996,-0.0278649824437436,2.80967512734454,1.6508436145134,-2.77294439171515,-1.68339425134619,-1.18907218988465,1.81376356988752,1.9173907889683,-2.03627408139886,-0.0986913346446998,0.844652477928172,-1.00195504034801,-0.0368501835341103
"V41",-23.9701551037874,12.77466398197,2.61376893832578,1.41583432212093,6.59699656495527,-13.2905652954435,-10.3998297783483,-2.31444565565041,2.75025883008958,1.02263845109093,-4.43682782243161,-5.3592452199344,1.28450187920654,0.836861106886623,-3.79860159634956,-8.30025467758852,-2.18900088810765,0.824470810341594,-0.149540559752854,-4.55873162196293,-1.75525039547892,1.74024834397535,1.18641004166306,-3.84936359684709,3.63230102668006,0.638566794939438,2.57958812800099,-0.0921407194892073,1.01960635485426,-1.84927153869811,-2.9197235359275,-5.62873553549508,0.160050662967856,2.21230323898462,-2.76674878040652,0.46529987124844,-0.30434930087567,-1.52556468145517,4.92434888292086,5.50790587298944,3.22848078588375,-0.642606856416838,0.406569209743526,2.14066736654901,-0.21703494580121,3.46609732095811,-4.62492204477252,0.538924310568909,2.09075564687305,1.17920475035216,1.66687161823965,-0.803686013660164,0.882146702170589,2.45786483674198,-1.28698301510956,4.17880036732879,-0.43410580211884,-8.22809791982923,2.93828584501603,3.59016158514629,-1.55302091467822
"V42",-38.1641209894383,-12.9451536135061,4.16849678430023,11.8883746525141,10.7349850798353,-1.46138156004577,-4.12469867769289,-0.256359546238053,-8.87745631402356,3.55503483196474,5.019601225283,2.73490655280544,-3.42826225246818,-7.10736645890141,-6.04991891682332,3.96861004884595,-1.52123400585095,5.69528464820833,2.20326993669346,1.39127453715109,0.0839842572532005,-2.47668274690974,-2.36271531129038,4.91915925827388,1.66080684351386,3.58168756072625,1.16586135571534,-5.97153528218779,3.78751059482852,1.55696130147164,0.925900413952851,4.80665195721684,3.1146232687602,1.43135824381994,-0.774534906726478,-6.54009090062204,2.39589680717662,3.58753355543835,-1.93556112857619,3.40142866359304,-7.06116381228996,3.40378252512277,-2.79133755675737,-0.870327859708442,-0.584814204820932,-2.4819258288418,-6.31639753629262,3.69930002486793,0.956288412691581,0.139293843913922,1.72514510599488,-1.44756188824225,-0.840364682869241,-5.93230741332984,-0.760777664515393,0.775554855583013,1.16797055682172,-0.603468946151321,-1.3649515567135,1.26906937120148,-0.0718142989279811
"V43",17.0369310631515,-18.1010816950602,29.2064999230138,6.75389681548304,-4.79237018809496,6.28742445367903,-6.92254728141945,3.99381198016743,1.70417718082568,-8.25742970409154,-4.26205857774861,-3.78216530390539,1.56806292950535,-2.89491922926317,-2.35011097905898,3.71783750227788,4.25492341124981,3.4887883951098,2.87636438523328,-2.77577895891356,1.3654035083352,-2.48162431237168,-0.392030698173578,4.28875766218796,-1.27685865793663,1.42753839211114,5.99747442386011,-1.83865641174181,3.04119195185162,3.90488228144917,-2.24208243144488,-7.80941108955589,6.2212845755255,0.186612886962933,2.24713644449222,2.20561673928199,-5.65659908462214,1.86488634973013,2.78139438458254,-1.97030710656475,-3.67091060425351,-0.724293389375601,-4.72614685060649,0.0342086653232734,-1.21725537811579,4.92433588499307,5.22492105506057,0.76649971246122,2.06237581275387,-7.51892182721686,-1.77997512346125,-0.146531841403062,0.17846227228864,-1.16778085704262,-0.340957822084793,2.43744141650871,-2.30377559394595,0.475465354528054,0.424393670443298,0.0471661981202304,-0.52928212678191
"V44",5.67358184574501,-11.5014076851113,24.4365286017221,14.1681962584242,9.58302343270893,3.33624467674458,-0.682952081012685,4.47055361619396,-17.184726111911,-6.34910927407087,6.37203851872435,-2.71193873980553,1.16185018505244,-6.4351303273995,3.53024447789775,2.14189893656125,11.9937010001916,-6.50246544495454,-9.24592207625724,6.120290004206,-9.18234208824108,5.50533014719201,4.21352160882477,-3.55722196417653,4.16109897077205,-5.51807497172026,-1.32696569582418,4.15516824852759,-3.61453126911057,1.00903050626038,1.1814439122357,0.348464779350898,1.82267760486841,-2.88086493774354,-1.93237009112212,-5.56699436174931,-1.35054811808744,1.60191689253436,-2.53469931130464,-0.644256279542017,1.79097078132835,3.01945065521782,-1.94580396413455,3.77710467280385,1.02972876366901,-0.0550971486161682,1.92767175348922,0.777395695344315,1.82106944374972,3.11888680316829,0.238744113328805,-0.24319094369898,1.30176058329265,1.16427509495312,0.511533626504204,1.05011542204042,-0.756929506425942,-0.77852653873191,1.3590822085337,0.544667580744835,-0.786291101392747
"V45",9.18850021943392,4.04092027011408,31.3551170704997,2.22418114100676,-15.1581163186325,-1.42466342235839,-3.21338733616142,-0.540492550415503,4.80100839206545,-2.15111452633368,-1.78213346272441,-5.88497773001513,3.48272585288174,-3.16254483441826,-0.713875848608474,-2.85232472962259,0.409826216181519,-2.98619418824207,0.404115002016698,0.350432114086686,2.13674608128629,-1.30787108336332,-2.88916424792521,-2.67724018554998,4.45939764299041,2.98893515873377,1.40261343695191,0.546473881802896,1.38768831452627,-1.08064643641875,3.60535986209978,5.03556967145523,-5.46083388884805,-2.73813669153954,-0.232102834483999,1.87399246959362,-2.3279598798114,-0.970424615133112,-3.32818294530266,-2.06506299103058,-0.555134990195999,-1.14464036568796,3.93099433773823,-6.15009678086965,-1.71425800755715,1.72478970929317,4.14268778267525,-3.63276314458294,1.9696828327871,3.61496838252111,4.30422572319166,-5.74767931132691,0.0299688640301135,-3.81042035072962,-0.484093114476546,3.45646062398192,2.39960301879866,-0.173986989340855,-3.63377456787169,4.36580362884668,1.29878792166835
"V46",-15.2066785492984,4.16983664603829,3.68303952734079,6.46856892625749,16.0519849434024,-0.0265919085722945,-15.938100873454,-9.9423797588161,4.04045044004831,1.05896503153348,-3.74584789404925,-7.49235997639664,-0.114516790749264,-9.75282850087055,-4.73116034373162,-1.80372715503903,1.59317532175775,-3.0978941021986,6.02282536178937,-4.85210346345231,2.27275624566261,1.88836603364716,-6.17245838271324,2.42604567647687,3.96949496566657,-0.820540043636711,1.90697533414375,2.0516151671457,-0.810305473330378,-3.43363067754072,-0.191754303408673,-4.44546614240985,-2.20010069308431,-0.157070290804515,0.467118154410423,-3.7953410428935,2.19444244014974,6.17808417473763,-3.6253319532821,5.03728131887451,5.63466564244111,-1.12224527867078,-0.317283452941867,0.336917495814223,-0.743263003844174,-0.428212247285462,4.22523529151146,-1.16443398973599,-0.630990077678438,0.647348591887878,-1.26723045611046,-1.76381184607325,-3.01779971952581,0.88446785741025,-1.46159770562685,-7.31720649171447,-0.911722536739008,2.57663933019483,0.264330299021279,-1.79484775372148,1.8607863970225
"V47",-4.9576272013526,-13.3185472194479,12.6410148431669,6.9336380821851,3.99455926531222,-16.0734664176626,7.27547501089301,-3.50538570025932,-6.1699437258844,0.476378420060942,-2.20343693562825,-1.48109114882664,-10.1086479533907,5.04397759423955,4.47431823302755,-3.83198966746375,-4.51993163418258,-3.59293486597825,0.0832681470236145,-3.11220670565973,-1.12540400645023,-1.39673090420052,-1.96962132138691,2.34936129146747,7.10264683067832,1.76401257129057,0.164301131806343,-5.29179902830351,-3.69528507976637,6.1172734140205,2.42641786914031,-1.65040073392845,-3.77388369381333,-4.94837117961712,-0.880556266071785,-0.460220453967066,3.58654375991882,2.76121851616067,1.61669340580283,-1.78556848903107,-0.6929339995222,-5.14338694034694,-1.01848218430579,1.86931466399402,-2.49920309205555,0.995191251677086,3.24047844788425,0.00323050032565126,-7.79718467347434,0.864160379108627,-2.34259838837282,6.95398271740399,1.26608599101704,-1.70870614781605,1.65023982348763,0.538481756182437,1.55157398731069,-1.69553765136497,-2.09483850913701,1.06464054275027,-0.847744769137425
"V48",-9.93090230598219,-27.2888002550131,-2.00216716093338,9.8209747086599,-12.2317490422134,-14.9009180635197,-2.56984254457256,-2.80678487785634,-4.55395209032248,23.1282527879083,-5.04361182143288,-7.72222763506668,-11.8715956366849,-4.34137225842884,9.20867845067935,-1.05717915281028,-5.48472885843687,-2.52860319262327,2.11701757038237,0.514644912908837,1.76902170164647,7.7703513922638,8.72897852473102,-0.38205966972719,-8.34799065225875,-2.63354079866622,2.02519179400789,0.70981034481964,2.60481636360704,-0.844664724485325,-4.53084239356541,-2.87266813837997,2.79544032931604,-2.4148243336528,3.05210503810554,2.20191408000924,-0.271909049316287,0.308185152531912,-3.41209992266747,-1.82237001470584,1.62081757197625,1.17869309953407,-0.588054316076421,-2.52680064343894,0.450722192842125,-1.22598594500886,0.0935936522916595,0.0442067194179857,1.97199273655815,0.719336518145123,0.836877001595982,-1.06873973605318,-0.168025291244831,-0.56540471542693,2.25026612924181,0.937797604770805,0.30883787227556,0.690341711478547,-0.0557613416999585,-0.14755507512456,0.667655967074329
"V49",14.1044402781039,-3.42660237916147,9.07425643684811,16.7189257950778,26.5217958043322,-17.685328946937,-5.51961272170661,-3.9211752975075,9.26117284552827,3.1514247582721,8.66184245222892,17.0583935844063,2.19312273064754,0.446422519466763,1.74767561110806,-1.77835037475175,-0.140546219223694,-3.32200003341235,-3.05265439187064,0.383339639880701,0.579952720613171,3.1731923342583,2.40769675423399,-2.89049293761566,3.33643181926161,4.61342824827682,-0.878756539200901,2.01289055313042,1.59994112750403,4.54200547409915,-2.20058233317248,1.87920910498363,-1.34920017183771,0.774957036697562,5.37760961417939,-2.06529766754762,3.18287756334608,-4.17598354744711,1.06548155775437,-1.4214889339277,-0.677793070937381,-4.96590508975909,2.3777536791103,-1.90918568729208,3.15188147670544,0.933855264852331,0.0878337097168649,2.45175083319222,4.8635473960499,-3.21064954394559,-5.94086634724295,-3.33253310560204,0.539282919999182,0.0370159014599663,1.49512412868897,-1.92906321053637,-0.350904417550839,-0.420332667836412,-1.06228628390154,0.0827608317842825,0.667925557044622
"V50",29.2363911067629,-1.97735806018129,33.4732973804848,12.3198321443817,-1.00560455531703,1.41630680770136,-2.77411358978211,5.03583311231613,1.70395241333282,-3.38056426947878,-4.56834610112432,-1.97136011502815,-0.820373205957581,-1.60488911319729,2.87137400387994,-1.12599402169138,0.197897378902536,2.52355192162138,-2.48176422833622,0.382742342708873,-0.904433712887114,0.0506915793156258,3.93069457470643,0.611394688729945,-1.07702735297195,2.94600813820714,4.9588260970617,-0.987067658464187,-0.165825341554148,5.45436529057399,2.45170519062303,-0.754102723971088,-0.569977325477971,-1.09951539134451,-0.399139745524107,2.85306163989228,0.49421648750241,1.50735744141456,3.62399090673434,0.848568704181267,-2.60032769090785,0.322967341033239,4.03957830739507,-4.73603590257137,0.413934134731128,0.630961650834259,-9.87221395185578,-1.48120885774451,-2.92250049793762,4.193998356321,2.84315109502412,0.781071079565111,-0.0308241644005439,3.74696513291116,-0.812885843968833,-5.51618802227946,-4.31076524505706,2.14933108972074,1.21998299848753,-1.74790499480908,0.886938112436826
"V51",-21.5106970582852,13.1306524020042,21.0179763075328,3.41483389126703,0.577323523233077,-12.8522387023685,7.14813603509073,0.898508327801298,-1.68936147505781,-2.9199768860744,2.119608170874,-5.76497817024114,7.63777000901538,9.40714297045349,-1.38699871053067,-6.69302582116731,0.175720949328076,-2.37411905538115,5.04229996966189,-3.50800849913608,-4.07347839953619,-0.134730217510058,1.73636636267015,-2.70742162619861,1.97999013940566,3.78190077416995,-1.41081290676698,1.55220995387131,-0.730200163883483,-1.93023249109095,-2.02889395966144,0.167744486860994,-0.0182513140815969,0.110261348293272,1.98440415678073,-2.37944951982964,-0.537249421157334,-4.30181464064125,-2.0629785223031,0.00878219066709654,-1.54983394586873,3.00430313012448,0.949909743836187,-4.40313212906161,-1.91624668838946,-1.77031264203288,0.855171997384674,0.00441779371981131,0.568717847686641,-2.1135352342932,1.51714444634139,3.42325413839306,0.891163943300921,-3.70101348721629,-0.364859800215817,1.5606159204631,2.31680464934214,2.32342186595441,6.78932449695559,-6.97285563671013,1.22483163046406
"V52",10.0769197351704,-7.56910418216696,22.723183572839,11.1297959437513,-5.10899469499656,-13.9566872562609,4.09643690846187,-6.46505480089075,14.8560041227752,6.00957458428752,11.8554669678558,9.66593026124054,-0.0231137170495498,-5.61456159505988,1.23975339354371,-6.09737426075411,-0.480905914898645,2.94306307279331,1.4524397855999,8.98392691261617,4.18436024688263,-11.0383263062692,-1.63832785960507,-1.94630807308811,-2.49178526611924,-8.7668758721814,-6.21205343678325,2.58786024936972,3.04585251626921,-2.43976525317699,4.30391402022781,-6.2103522185094,-1.05295978900126,-0.408343313026577,-0.365231249168217,-0.468065046186667,-2.91051603173571,0.836067357041029,1.99139722901199,1.36157767487111,-0.905824467194268,1.6668125891115,-1.15197152252097,3.59259012258845,-2.07845360488565,-2.717741480839,0.103640958784353,-0.446920097869114,-0.437513245043602,0.131958130163182,3.22454096785514,2.20174394480697,-1.2741339857213,0.572079751967401,-0.338241551208037,-0.0343502147075899,1.14068145261022,0.657216756719366,0.953560336675915,0.360939765839659,-0.353187952395027
"V53",-4.14916298806174,-19.2746915387887,10.4061163329566,-27.1616488063662,-14.5621109148939,-9.34447586237096,-0.97617188015129,-2.27661858503374,7.47120979996569,1.34705146982266,-4.73294296454475,-2.4627602117042,5.63732689890896,-2.17175557476767,-4.5760122639575,10.7366590298369,-2.00038871544103,-0.291057560717303,-0.312235282954703,1.60502833580951,-5.94113798438525,0.0356352599815086,3.14466210650219,-5.34449567909724,-5.09148123607834,4.67725932923043,-3.48278299624394,-0.195618157862406,-7.01623344994238,4.39345483568276,3.13865092608316,1.05294660976982,-5.89207125519002,3.06132084448333,-1.34653457272615,0.903681261022319,1.09566535880872,3.36036197815082,0.437313958588022,-2.03398344268706,-0.0725159635281623,1.55439032894145,-3.06978898189565,-1.15735616533229,-1.7809988973693,-2.77819043915047,0.16820108965019,3.43368375483061,-0.315825140906973,-0.984264800423713,-4.08049093791147,-0.985724926677442,-6.48495737772709,2.66590602686623,-2.24400715450196,0.209924576197796,2.06270987965011,-1.7906386518461,2.75004116750601,1.46634399665471,1.34353124656891
"V54",7.69142119601855,-2.60227451195382,8.7024924592387,-14.2479397117298,20.0967618683355,-2.72970615746184,-7.49675012559957,12.5707518048037,7.05753268658968,-10.9535761729297,6.27754104079203,3.93305767466715,-3.5867650041489,-0.352389668760316,1.3181807780245,5.71420901254159,-2.24307652147927,-6.53338951492301,-0.156008541706392,-6.41759118108609,-0.583744166331084,-0.992652968412318,6.13546237688734,3.7769079425947,-5.37995786240585,1.72678778911474,-2.57361809858675,-3.47962421975592,-0.199468079844416,-7.42499219181891,-2.65070683695297,-1.6816209596949,1.98646634072554,0.707752902740197,2.85262537971093,0.901441192620226,0.0845156697456158,-0.0140970187704815,-0.297395129396697,-0.182293852349902,1.93618499574193,-1.64576750622913,-0.823016713916654,-0.313530717768181,5.74958677109056,1.00600284422824,1.16018439454624,4.32242815708256,-5.82602955846718,2.4880027392622,5.58607370274397,-1.14999651470663,0.125754575468181,-0.0293584346529849,-1.65451395337645,0.201807526805198,4.65623022868401,1.67850751881293,0.414727416133134,1.37880456998225,-1.96534277720503
"V55",7.49394117389716,12.7420573215884,4.11650015931923,-18.9060809717476,14.5031906146205,-2.88017942427768,-13.1248683367605,-0.85165409377506,-12.8844892912015,9.21090708320668,-5.19909035160971,5.13995415030088,0.843286542404655,5.05782289678908,-1.71256384778327,-3.82594915584172,5.95039036690449,10.848223328727,-0.77429177579275,-3.43067215074941,4.81776615869215,5.66630758867305,1.06380855140219,-3.4857163664003,4.18179512240448,-3.89246279868307,0.202087575251747,-4.82617491684902,-1.05269582489642,2.41763981657492,7.76189726761269,-3.49980953020588,1.62513130122305,3.86129181541872,-1.22724185952511,5.20013752163651,-0.208095890883433,-0.0537750559453586,-2.70968202387765,-2.70630905362716,-0.682077020463501,0.293618032105506,5.00647080609961,2.39574144283763,0.329065045727227,-5.06428294119137,1.55254541879355,2.93240243257653,-0.941917375981682,-1.50213926590526,0.847246937024226,-1.43843828371774,0.675483009867782,1.23898926308884,-2.87381591293187,2.16395824255515,1.64050258872073,3.31744865833893,-0.179153077490892,-0.108533008826747,-0.88939908008102
"V56",-6.56185539646833,11.9439373459144,14.491142478989,-26.1118320353599,-16.6224939620516,-4.02265005563802,-14.9776852610636,0.363245192266084,-1.75348237233519,2.04143248799621,4.37938859999938,6.98424627128511,3.87009012880165,-2.63102560934544,-7.3350563713384,0.645624647767393,-2.68554609505684,4.13135087443202,-6.4066768574109,-2.95571931984435,-0.754213415523626,4.50833675784741,2.892925952064,3.02972266263312,-0.213273823528244,0.327984354340146,-1.8238282300564,2.20110565207805,-0.404207928218959,-3.45977147079495,2.70481801644964,2.64368255046719,2.36829617335625,2.78738572001151,-0.65415311463862,0.336016591206811,2.16629605537802,5.02426204755165,2.271280186185,-1.59758753246741,-0.20051395195202,-1.94394445382993,-2.54814537796739,0.26286326336611,2.71925512727888,-0.216607583655932,0.526676879726097,-7.59793687335262,0.0312498319759878,-1.65833323674048,2.19544775178798,2.15419884847037,1.32845542568331,-0.746706204770888,8.9370477694927,-0.907317012747484,0.14770322570647,-2.22711090939646,-0.789317262064302,-2.39529933236616,0.917607056057479
"V57",-0.446078948635454,-6.21231709921778,7.91950386280737,-16.5335444373596,11.2830011682508,-0.99336576297798,9.41888017327074,-9.02186641930228,-1.34635122887553,2.3277827582232,-17.3930283695596,-0.382629309938089,-3.54888726547414,5.31817652990837,-2.73394095144038,8.44641827757842,-0.0737156246980036,-9.39623275349051,-7.87437687042595,2.0006722225863,2.85390890320499,-4.11868522218262,-9.87740789983733,2.06411933075983,6.97433558769642,-7.10659216666161,-4.72896018116802,1.1437149755064,1.69167825803002,1.19656302348268,-4.71201397075113,-1.63828134243255,2.96915645609741,4.2066600693753,0.193957308539339,2.71461705874427,-3.80137261274148,-0.659690405776138,1.47962362139265,0.0985038305720723,-0.193194824549195,-0.147702094184139,-0.632184880163265,-4.29654045502413,2.04471001066367,-1.43616748783652,-2.88310902125489,1.01297165287047,0.846304809468496,2.19393123844127,-0.425150878252481,-1.6621394060596,-0.378022575570201,-0.673357034478608,4.05607380618398,-0.0436177447012586,1.30689530746708,0.807655731203853,1.19388750727807,-0.820352263275652,-1.27745773566136
"V58",-0.126194192281333,1.49302587404009,-1.84177066665669,-9.34100597221029,-1.25685890950877,-2.07778890895408,27.839513545504,19.5260678981507,-0.784689689235642,7.86226995923487,-9.62161563655162,9.86674893114992,16.1758495069789,-6.54340668879423,3.94192756043286,1.29594895419944,-3.89210857109488,4.15277309969573,-2.55484000109596,-1.42646684608667,6.55279320637712,3.79788526459341,1.1566816359544,4.20917681352147,3.42408267102081,-1.29119140608662,5.24925951475816,2.96935093781794,0.304190850057943,-0.0636030706186601,0.414720206634538,-4.1263866976944,-1.79527479935811,1.36665355969831,-1.21582224038161,-6.57586187478473,1.96363917122662,-0.88798871750409,-2.39542074150862,0.333592567508003,1.82626198140897,-2.38680343058721,-4.32627076539884,-1.37358785010024,-0.260433437426965,1.56951833254646,0.177729228833942,-1.04842654044858,-0.220274253510265,1.08170252984784,1.03640983050648,0.437888851933562,0.272958019555416,0.489275132496375,-2.50768011319091,0.139048304501214,0.589381163217093,0.29141769263311,0.172862813069521,0.683974950628146,0.357339493333913
"V59",-8.41268483272497,-25.3382636596605,8.08876497842714,-24.411785709215,-1.23764793610145,-2.83826734947137,-1.53623015226911,6.13053283220504,-6.23349310393422,-7.69063393888791,4.34780117592908,0.748393077330955,1.08331657802438,7.04487787371787,6.88926504086434,-1.91838254227008,1.50706353502407,6.45497280063148,5.71547181015524,4.93823274775408,-0.314883238048376,0.848035900729502,-0.32285727220018,3.65607180585304,5.04051739545961,-0.973994710149187,3.54321126577578,1.28029132481925,0.466398158902685,-3.96619951257192,-7.29629886570618,3.16494146596392,0.469674602393111,2.45435729265731,6.296034930601,0.605394568101581,-1.57716041748356,-0.875509566291468,2.12268822671084,2.79965115090705,0.107871215491653,3.58240493014601,3.16721887865468,-2.70892333530204,-1.29305998643608,-5.72374696804096,2.44627698723037,-2.55016813685897,1.74472298299322,0.388387683085644,-1.33111343942984,3.87382195205497,-3.05011366367284,3.43543166997102,-1.22267724316565,-2.91472650773122,0.57979116542074,-2.42415508922506,-3.45352089314915,2.11118177968088,-1.95104998651983
"V60",2.05298295567153,12.8791241083185,-0.683933962857638,-16.1037350180121,7.82967209313378,24.4151659049995,8.05690879328725,-1.9126319798637,6.91804259724321,-2.64801001801774,11.2391905830593,-10.5400557812236,-1.83882944055696,4.59700779813905,3.0055656188956,-0.750007625830996,-8.88489499787887,-7.55157695869076,-7.76961829521909,3.92723392036184,0.861589837530425,4.78674483614308,3.109529978979,0.227129367271752,-0.623216711020136,0.105406546434121,0.734248883117436,-4.60915109945975,8.99908318011768,3.24775117826243,4.1011165787501,-5.54643194339081,-0.845620362652368,4.88143781283552,-1.11385834039531,-0.643430843398437,6.4733443622022,1.90299077098508,1.18772978432518,-0.0314343917810821,-1.23836094266348,1.4524621592404,1.12561888739521,-1.25124588077305,-3.30107666038918,-2.50594745206562,3.56521716526597,0.816492323384972,3.71334695532801,-0.195604176070835,0.796423204032629,0.506616273038732,0.601196737427555,-0.847272558835724,-0.589590024186954,-1.41480200594521,-0.733429252866611,-1.29735367727024,0.208457626867923,-0.102200552098459,-0.991506572409405
"V61",-19.2511744581759,23.6968601009223,7.122221236504,-22.6981596559976,2.92943759590302,-8.31405152549308,-3.63620713415849,1.60149013960433,3.55154585755724,3.8102431612779,3.16035327532034,-5.64735660362774,-1.62335065072622,-2.80942711393206,2.13251107703832,-2.6454325756068,-2.78940551409935,0.0555611502654298,-8.54580753504097,7.67100084764249,-0.322161961935067,0.0398765047289443,2.48138190011925,2.91965195510575,0.8339564521993,3.86758196133038,3.64218350567802,-3.31106074785224,5.03933126165153,2.1041401083773,-4.72528289874126,5.62415713574361,-1.14673728804616,0.751521182223865,-3.30351126224483,0.592885959570995,-7.95363975622513,-4.20122242578352,0.54755806025821,1.33975613936132,2.26993907548331,-0.380623034436485,-1.36157557920726,7.30351022720046,0.28526438509962,1.5320892319487,-0.688665589514079,-3.38477869158548,-3.71440094968532,-0.233471422360247,-4.2266510404805,-1.01482111593582,-2.19592036148508,-1.54685915084896,-1.89152226863974,0.117962046008871,-0.451056602218399,4.96104298027157,0.404915939762562,0.105230586280502,0.640509356937604
"V62",5.1951919588236,0.640858509668384,4.84695218598357,-19.1244556432391,15.7785674578558,2.40305463016178,-2.12415456689245,-5.45506386212429,0.234747123607301,-0.566910707860543,-3.20015446357454,-6.22616097436365,2.1631816429951,-2.28297439788072,6.21383281990602,3.16773828659792,0.476770098400654,-2.23102206195748,8.51115277342808,2.57711235866168,0.262276392540027,1.27193586729077,-2.37481043733337,-3.63197532659532,-1.37843727072146,0.131659435767074,-6.65807480869142,1.39216777833975,1.23389072600806,-0.306619202740439,-1.63564122766035,0.743471301517477,-0.98962420218407,1.76089080819982,-0.548127709632542,-2.48330410032242,2.72110545383147,1.86632681587384,-5.55413221634897,-4.38129975575737,-2.32912542621307,0.247994891841756,1.75574812336412,2.78454382393922,-0.640440830311375,8.07386868013478,-6.63543438826694,-4.97840646571511,2.13341654702342,-5.27492026262674,0.852136209936027,3.775034136017,2.4756009510784,2.75420204662189,-1.78260241302891,0.125982771308081,3.12117006913312,1.41746918999176,-2.11384543476709,1.0596345654795,-1.58307355937255
